<?xml version="1.0" encoding="utf-8"?>
<Window caption="0,0,0,40" sizebox="0,0,0,0">
<Font shared="true" id="0" name="微软雅黑" size="14" />
<Font shared="true" id="1" name="微软雅黑" size="12" />
<Font shared="true" id="2" name="微软雅黑" size="14" />
<VerticalLayout name="mainVert" bkcolor ="0xFFFFFFFF" bordersize="1" bordercolor="#FFE4E4E4">
	<!--roundcorner="5,5" layeredimage="" layeredopacity="240" bkimage ="MainWindowRes/client_bg_update.png"-->
  <HorizontalLayout name ="mainLayout" height="40" inset="10,10,10,10" childpadding="10">
  <Label name="lab_cap" text="YMediaPlayer-Demo(QQ:842420717)" nativetextcolor="#FF000000"/>
  <Button name="minbtn" width="14" height = "14"
  normalimage="MainWindowRes/client_icon_minimum.png"
  hotimage="MainWindowRes/client_icon_minimum_hover.png">
  </Button>
  <Button name="closebtn" width="14" height = "14"
  normalimage="MainWindowRes/client_icon_close.png"
  hotimage="MainWindowRes/client_icon_close_hover.png">
  </Button>
  </HorizontalLayout>
  <VerticalLayout inset="20,0,20,0" childpadding="10">
	
	
	<LabelVideo name="display" text="" font="0" minwidth="200" minheight="200"/>
		
	
	<HorizontalLayout height="10" childpadding="10">
		<DerMainSlider name="progress_slider" text="" font="0" bkcolor="0xff7A80A2" height="6" padding="0,2,0,2" minwidth="100"/>
		<Label  name="progress_info" text="00:00:00/00:00:00" align="right" nativetextcolor="#FF000000" width="100"/>
	</HorizontalLayout>
	
	<HorizontalLayout height ="40" childpadding="10">
		<Edit name="edit_url" tipvalue="input url" tipvaluecolor="#FF989898" nativetextcolor="#FF000000" nativebkcolor="#FFFFFFFF" bordersize="1" minwidth="200" height="30" bkcolor="#FFFFFFFF" bordercolor="#FFE4E4E4" font="0" borderround="2,2" textpadding="10,0,0,0"/>
		<Button name="btn_play" width="50" height = "30" text="打开" bordersize="1" bordercolor="#FFE4E4E4" borderround="2,2"></Button>
	</HorizontalLayout>
  </VerticalLayout>
</VerticalLayout>
</Window>